Keyword,Min Volume,Max Volume,Difficulty,https://www.womenwhocode.com/ en-US Top Rank,https://www.womenwhocode.com/ en-US Top Ranking URL
women who code,201,500,60,1,https://www.womenwhocode.com/
women coding,11,50,45,1,https://www.womenwhocode.com/
woman who code,11,50,59,1,https://www.womenwhocode.com/
women who code hd,0,10,46,1,https://www.womenwhocode.com/
women who,101,200,46,2,https://www.womenwhocode.com/
coding jobs for women,11,50,42,2,https://www.womenwhocode.com/
womens coding grants,0,10,27,3,https://www.womenwhocode.com/
computer networks run by a woman in nashville,0,10,28,6,https://www.womenwhocode.com/
online code organizations,0,10,60,6,https://www.womenwhocode.com/
girls who code colorado,0,10,48,7,https://www.womenwhocode.com/
woman website,11,50,62,8,https://www.womenwhocode.com/
find acode,11,50,57,10,https://www.womenwhocode.com/
organisations for coders,0,10,19,11,https://www.womenwhocode.com/
girls who code hq,101,200,47,12,https://www.womenwhocode.com/
who,118001,300000,75,14,https://www.womenwhocode.com/
eventbrite new orleans,11,50,40,15,https://www.womenwhocode.com/
w.h.o.,0,10,73,15,https://www.womenwhocode.com/
who',0,10,75,15,https://www.womenwhocode.com/
code logo,101,200,33,16,https://www.womenwhocode.com/
coding group facebook,11,50,62,17,https://www.womenwhocode.com/
women coding book,0,10,57,18,https://www.womenwhocode.com/
girls who code nyc,11,50,40,19,https://www.womenwhocode.com/
code partners reviews,0,10,31,19,https://www.womenwhocode.com/
code website,51,100,60,20,https://www.womenwhocode.com/
women with,501,850,43,21,https://www.womenwhocode.com/
xode,51,100,67,21,https://www.womenwhocode.com/
women help women,11,50,39,21,https://www.womenwhocode.com/
girls who code nyc address,0,10,44,21,https://www.womenwhocode.com/
women logo,101,200,32,22,https://www.womenwhocode.com/
w.ho,0,10,74,22,https://www.womenwhocode.com/
website code,201,500,46,25,https://www.womenwhocode.com/
organization's program code,0,10,31,25,https://www.womenwhocode.com/
female logo,201,500,39,26,https://www.womenwhocode.com/
code.,101,200,67,26,https://www.womenwhocode.com/
award hq promo code,51,100,15,26,https://www.womenwhocode.com/
nyc sign code,11,50,31,26,https://www.womenwhocode.com/
we can code it women,0,10,15,26,https://www.womenwhocode.com/
find a code.com,0,10,50,26,https://www.womenwhocode.com/
web woman,101,200,44,27,https://www.womenwhocode.com/
woman code book,101,200,51,27,https://www.womenwhocode.com/
coding bootcamp women,0,10,26,27,https://www.womenwhocode.com/
womens best code,11,50,17,28,https://www.womenwhocode.com/
womens online community,0,10,28,28,https://www.womenwhocode.com/
code girls review,201,500,52,29,https://www.womenwhocode.com/
by women for women,101,200,26,30,https://www.womenwhocode.com/
code a website,51,100,42,30,https://www.womenwhocode.com/
girls who code glassdoor,0,10,36,31,https://www.womenwhocode.com/
code,118001,300000,66,32,https://www.womenwhocode.com/
women's websites,101,200,54,33,https://www.womenwhocode.com/
missouri show me girl decal,0,10,34,33,https://www.womenwhocode.com/
