Keyword,Min Volume,Max Volume,Difficulty,https://code.likeagirl.io/ en-US Top Rank,https://code.likeagirl.io/ en-US Top Ranking URL
facebook on fire reviews,101,200,4,37,https://code.likeagirl.io/fake-reviews-freebies-and-fire-are-review-sites-to-be-trusted-f45d852b5b2f
confession count crossword,0,10,7,30,https://code.likeagirl.io/confessions-of-a-female-computer-geek-f400a991c66c
open source gendercodes,0,10,7,17,https://code.likeagirl.io/gender-bias-in-open-source-d1deda7dec28
tech shine reviews,11,50,11,30,https://code.likeagirl.io/women-in-tech-shine-at-aws-public-sector-summit-2016-692ce0d3f821
engaging grace conference,0,10,12,48,https://code.likeagirl.io/diversity-in-tech-conferences-grace-hopper-celebration-alternatives-bd9c8d01e18d
low floor high ceiling wide walls,0,10,12,32,https://code.likeagirl.io/from-i-probably-can-to-i-will-186ccb80048f
tech shine,851,1700,12,28,https://code.likeagirl.io/women-in-tech-shine-at-aws-public-sector-summit-2016-692ce0d3f821
how to get pod 4 in tits,0,10,12,27,https://code.likeagirl.io/ces-finally-welcomes-boobs-of-the-baby-feeding-variety-7d5467db5127
intellig-code,0,10,12,15,https://code.likeagirl.io/aim-for-emotional-intelligence-32c25e98e9a6
product director vs product manager,0,10,13,45,https://code.likeagirl.io/a-strong-product-development-team-will-usually-have-two-extremely-important-roles-defined-the-cbaa08a21c87
"n2now,com",0,10,13,45,https://code.likeagirl.io/rotate-an-2d-matrix-90-degree-clockwise-without-create-another-array-49209ea8b6e6
lets meet,201,500,13,44,https://code.likeagirl.io/lets-meet-over-coffee-or-is-that-creepy-2c5cfab72469
devops test engineer practice test,0,10,13,37,https://code.likeagirl.io/devops-testing-a-trend-1e896a5daafc
bedtime stories for girls,201,500,14,33,https://code.likeagirl.io/q-a-what-is-your-bedtime-story-for-rebel-girls-5865ca7343d2
nonviolent communication exercises,11,50,14,26,https://code.likeagirl.io/conflict-management-through-nonviolent-communication-5cdaf87f107c
full stack javascript app tutorial,0,10,14,7,https://code.likeagirl.io/5-tutorials-and-courses-you-should-go-through-today-to-learn-full-stack-mean-and-ionic-app-5fcae33b465a
crack the girl code,11,50,15,48,https://code.likeagirl.io/5-ways-to-crack-the-gender-code-446371afb97e
myhorizon,501,850,15,43,https://code.likeagirl.io/broadening-my-horizon-17b8fb9fda88
transsferable skills in the tech industry,0,10,15,32,https://code.likeagirl.io/how-women-fit-into-tech-65869614f5ad
cannabidiol extraction,0,10,15,6,https://code.likeagirl.io/cutting-edge-cbd-extraction-technologies-bc2585e48763
what is wish post,11,50,16,46,https://code.likeagirl.io/what-i-wish-i-had-known-1cf9714b01cf
sklearn kmeans image compression,0,10,16,42,https://code.likeagirl.io/finding-dominant-colour-on-an-image-b4e075f98097
tesla code,501,850,16,36,https://code.likeagirl.io/tagged/tesla
standard sticker sizes,0,10,16,35,https://code.likeagirl.io/cheat-sheet-for-creating-imessage-stickers-55c922510530
curling silicon valley corporate,0,10,16,33,https://code.likeagirl.io/silicon-valleys-neurodiversity-problem-409db2d77dd2
taught or thought,0,10,17,46,https://code.likeagirl.io/thoughts-on-becoming-a-self-taught-software-engineer-c8d8e7bde704
the coding school,201,500,17,43,https://code.likeagirl.io/why-we-need-more-coding-schools-just-for-women-3f36e5c2e07
womens best code,11,50,17,37,https://code.likeagirl.io/you-want-to-invest-in-women-really-30355bfb201d
start my computer career,0,10,17,31,https://code.likeagirl.io/the-start-of-my-computer-career-7452674fada0
how much is mamava mini,0,10,17,28,https://code.likeagirl.io/ces-finally-welcomes-boobs-of-the-baby-feeding-variety-7d5467db5127
woman speaking to an audience,0,10,17,24,https://code.likeagirl.io/speaking-up-cc9fc6d4c00c
wallet types,51,100,17,21,https://code.likeagirl.io/intro-to-crypto-wallet-types-risks-f9003e44d38d
step by step to building a full stack app.,0,10,17,11,https://code.likeagirl.io/5-tutorials-and-courses-you-should-go-through-today-to-learn-full-stack-mean-and-ionic-app-5fcae33b465a
baking cookies in a toaster oven,11,50,17,11,https://code.likeagirl.io/is-it-better-to-bake-cookies-in-a-toaster-oven-d01f363a226
grace hopper show floor plan,0,10,17,8,https://code.likeagirl.io/tips-for-job-hunting-and-interviewing-at-the-grace-hopper-conference-4b5f5fb1d4a
our girls is the models,0,10,17,5,https://code.likeagirl.io/girls-need-role-models-bef0998fd71e
when she calls you bro,11,50,18,47,https://code.likeagirl.io/not-cool-bro-cb8a187b3da7
nuance company weebly,0,10,18,35,https://code.likeagirl.io/the-end-of-maternity-leave-a-note-to-my-coworkers-380309dde04d
ucsc sip,201,500,18,25,https://code.likeagirl.io/a-high-school-students-guide-to-cs-programs-internships-487586031e07
how to find a side girl,0,10,18,24,https://code.likeagirl.io/the-good-side-of-being-a-woman-in-technology-b19313b3328e
- new mycomputercareer,0,10,19,48,https://code.likeagirl.io/the-start-of-my-computer-career-7452674fada0
being a part of your team will,0,10,19,45,https://code.likeagirl.io/creating-a-united-front-as-a-leader-being-part-of-united-front-as-a-team-member-509c383cd89d
star wars theme notes,51,100,19,30,https://code.likeagirl.io/star-wars-and-the-micro-bit-fa11eee328c2
q kids,501,850,19,26,https://code.likeagirl.io/q-what-are-the-best-resources-for-teachers-to-teach-kids-to-code-2f0aa1f8de79
impact hacks,0,10,19,14,https://code.likeagirl.io/impact-hacks-for-hiring-382fe3ec5174
abby bajuniemi,0,10,19,3,https://code.likeagirl.io/@penn0055
size stickers,11,50,20,40,https://code.likeagirl.io/cheat-sheet-for-creating-imessage-stickers-55c922510530
icode,501,850,20,39,https://code.likeagirl.io/why-i-code-and-why-you-should-too-1dcfe1efc5a8
how i'd look if i was a girl,0,10,20,39,https://code.likeagirl.io/i-am-a-woman-in-tech-and-this-is-what-i-want-in-a-company-f6177569a287
david and goliath lesson,0,10,20,30,https://code.likeagirl.io/lessons-from-gladwells-david-and-goliath-applied-to-the-problem-of-women-in-tech-8f27cdee638c
