Keyword,Min Volume,Max Volume,Difficulty,https://hackbrightacademy.com/ en-US Top Rank,https://hackbrightacademy.com/ en-US Top Ranking URL
hackbright,201,500,39,1,https://hackbrightacademy.com/
hackbright academy,201,500,40,1,https://hackbrightacademy.com/
coding bootcamp women,0,10,26,2,https://hackbrightacademy.com/
hackbright cost,0,10,24,4,https://hackbrightacademy.com/
women coding,11,50,45,5,https://hackbrightacademy.com/
phenomenal women california east bay,0,10,33,6,https://hackbrightacademy.com/
coding bootcamp sf,51,100,31,7,https://hackbrightacademy.com/
coding boot camp san francisco,0,10,30,8,https://hackbrightacademy.com/
python classes east bay,0,10,22,9,https://hackbrightacademy.com/
women learn to code pay when find job boston,0,10,26,9,https://hackbrightacademy.com/
san francisco coding bootcamp,0,10,30,9,https://hackbrightacademy.com/
coding bootcamp san francisco,0,10,31,9,https://hackbrightacademy.com/
hack school,11,50,44,10,https://hackbrightacademy.com/
coding school san francisco,0,10,30,10,https://hackbrightacademy.com/
women's boot camp,51,100,10,11,https://hackbrightacademy.com/
boot camp for women,51,100,20,11,https://hackbrightacademy.com/
bootcamp san francisco,0,10,24,12,https://hackbrightacademy.com/
best bootcamps in san fran,0,10,27,12,https://hackbrightacademy.com/
bootcamp for women,11,50,10,13,https://hackbrightacademy.com/
women boot camp,11,50,23,13,https://hackbrightacademy.com/
school hack,0,10,37,13,https://hackbrightacademy.com/
python black women who code,0,10,34,14,https://hackbrightacademy.com/
r boot camps bay area,0,10,36,14,https://hackbrightacademy.com/
all for women,11,50,30,15,https://hackbrightacademy.com/
software engineer bootcamp,11,50,32,15,https://hackbrightacademy.com/
girls code school,11,50,47,15,https://hackbrightacademy.com/
computer networks run by a woman in nashville,0,10,28,18,https://hackbrightacademy.com/
hack school website,0,10,37,18,https://hackbrightacademy.com/
code partners dc bootcamp reddit,0,10,49,18,https://hackbrightacademy.com/
womens bootcamp,51,100,2,19,https://hackbrightacademy.com/
free coding bootcamp nyc,101,200,26,20,https://hackbrightacademy.com/
bootcamp sf,51,100,21,21,https://hackbrightacademy.com/
hack classes,11,50,35,21,https://hackbrightacademy.com/
code academy logo,11,50,47,21,https://hackbrightacademy.com/
boot camp sf,11,50,20,22,https://hackbrightacademy.com/
become a software engineer bootcamp,0,10,32,22,https://hackbrightacademy.com/
university of minnesota coding boot camp review,0,10,33,22,https://hackbrightacademy.com/
software developer bootcamp,0,10,38,22,https://hackbrightacademy.com/
coding bootcamp near me,101,200,45,24,https://hackbrightacademy.com/
hack programs,51,100,38,24,https://hackbrightacademy.com/
girls tech camp marin country job,0,10,25,24,https://hackbrightacademy.com/
um fullstack coding bootcamp,0,10,25,24,https://hackbrightacademy.com/
san jose coding boot camp,0,10,28,24,https://hackbrightacademy.com/
software engineering schools,0,10,30,25,https://hackbrightacademy.com/
academy san francisco,0,10,35,25,https://hackbrightacademy.com/
coding bootcamp nyc,101,200,25,26,https://hackbrightacademy.com/
boston programming bootcamp,0,10,20,26,https://hackbrightacademy.com/
um coding boot camp,0,10,28,26,https://hackbrightacademy.com/
program academy,11,50,46,27,https://hackbrightacademy.com/
trade schools in bay area,0,10,33,27,https://hackbrightacademy.com/
